movie_id,rank,movie_title,release_date,distributor,genre,gross_2024,tickets_sold,release_year
0,1,Inside Out 2,2024/06/14,Walt Disney,Adventure,652980194.0,57734765.0,2024
1,2,Deadpool & Wolverine,2024/07/26,Walt Disney,Action,636745858.0,56299369.0,2024
2,3,Wicked,2024/11/22,Universal,Musical,432943285.0,38279689.0,2024
3,4,Moana 2,2024/11/27,Walt Disney,Musical,404017489.0,35722148.0,2024
4,5,Despicable Me 4,2024/07/03,Universal,Adventure,361004205.0,31919028.0,2024
5,6,Beetlejuice Beetlejuice,2024/09/06,Warner Bros.,Comedy,294100435.0,26003575.0,2024
6,7,Dune: Part Two,2024/03/01,Warner Bros.,Action,282709065.0,24996381.0,2024
7,8,Twisters,2024/07/19,Universal,Thriller/Suspense,267762265.0,23674824.0,2024
8,9,Godzilla x Kong: The New Em…,2024/03/29,Warner Bros.,Action,196805338.0,17401002.0,2024
9,10,Kung Fu Panda 4,2024/03/08,Universal,Comedy,193590620.0,17116766.0,2024
10,11,Bad Boys: Ride or Die,2024/06/07,Sony Pictures,Action,193573217.0,17115227.0,2024
11,12,Kingdom of the Planet of th…,2024/05/10,20th Century Studios,Action,171130165.0,15130872.0,2024
12,13,Gladiator II,2024/11/22,Paramount Pictures,Action,164554921.0,14549507.0,2024
13,14,Sonic the Hedgehog 3,2024/12/20,Paramount Pictures,Adventure,151558894.0,13400433.0,2024
14,15,It Ends With Us,2024/08/09,Sony Pictures,Drama,148518266.0,13131589.0,2024
15,16,The Wild Robot,2024/09/27,Universal,Adventure,143190445.0,12660517.0,2024
16,17,Venom: The Last Dance,2024/10/25,Sony Pictures,Action,139733580.0,12354870.0,2024
17,18,A Quiet Place: Day One,2024/06/28,Paramount Pictures,Horror,139051884.0,12294596.0,2024
18,19,Mufasa: The Lion King,2024/12/20,Walt Disney,Musical,128143945.0,11330145.0,2024
19,20,Ghostbusters: Frozen Empire,2024/03/22,Sony Pictures,Comedy,113376590.0,10024455.0,2024
20,21,IF,2024/05/17,Paramount Pictures,Comedy,111375918.0,9847561.0,2024
21,22,Alien: Romulus,2024/08/16,20th Century Studios,Horror,105313091.0,9311502.0,2024
22,23,Bob Marley: One Love,2024/02/14,Paramount Pictures,Drama,96981216.0,8574820.0,2024
23,24,Red One,2024/11/15,Amazon MGM Studios,Action,96805881.0,8559318.0,2024
24,25,The Fall Guy,2024/05/03,Universal,Action,92900355.0,8214001.0,2024
25,26,The Garfield Movie,2024/05/24,Sony Pictures,Adventure,91956547.0,8130552.0,2024
26,27,Wonka,2023/12/15,Warner Bros.,Musical,85451913.0,7555430.0,2023
27,28,Longlegs,2024/07/12,Neon,Horror,74346140.0,6573487.0,2024
28,29,Migration,2023/12/22,Universal,Adventure,73526925.0,6501054.0,2023
29,30,Mean Girls,2024/01/12,Paramount Pictures,Musical,72581770.0,6417486.0,2024
30,31,Smile 2,2024/10/18,Paramount Pictures,Horror,69012586.0,6101909.0,2024
31,32,Civil War,2024/04/12,A24,Action,68757539.0,6079358.0,2024
32,33,Furiosa: A Mad Max Saga,2024/05/24,Warner Bros.,Action,67587546.0,5975910.0,2024
33,34,The Beekeeper,2024/01/12,Amazon MGM Studios,Action,66220535.0,5855043.0,2024
34,35,Anyone But You,2023/12/22,Sony Pictures,Romantic Comedy,63482283.0,5612934.0,2023
35,36,Transformers One,2024/09/20,Paramount Pictures,Adventure,59098421.0,5225325.0,2024
36,37,Joker: Folie à Deux,2024/10/04,Warner Bros.,Thriller/Suspense,58300287.0,5154756.0,2024
37,38,Terrifier 3,2024/10/11,Iconic/Cineverse,Horror,53981071.0,4772862.0,2024
38,39,Challengers,2024/04/26,Amazon MGM Studios,Drama,50119408.0,4431424.0,2024
39,40,Nosferatu,2024/12/25,Focus Features,Horror,48120015.0,4254643.0,2024
40,41,Aquaman and the Lost Kingdom,2023/12/22,Warner Bros.,Action,48011513.0,4245050.0,2023
41,42,Argylle,2024/02/02,Universal,Action,45207275.0,3997107.0,2024
42,43,Madame Web,2024/02/14,Sony Pictures,Action,43817106.0,3874192.0,2024
43,44,Trap,2024/08/02,Warner Bros.,Thriller/Suspense,42777281.0,3782253.0,2024
44,45,The Best Christmas Pageant …,2024/11/08,Lionsgate,Comedy,39802723.0,3519250.0,2024
45,46,Speak No Evil,2024/09/13,Universal,Horror,36931420.0,3265378.0,2024
46,47,The Strangers: Chapter 1,2024/05/17,Lionsgate,Horror,35202562.0,3112517.0,2024
47,48,Coraline,2009/02/06,Fathom Events,Adventure,33626425.0,2973159.0,2009
48,49,Night Swim,2024/01/05,Universal,Horror,32494740.0,2873098.0,2024
49,50,Conclave,2024/10/25,Focus Features,Thriller/Suspense,31289705.0,2766552.0,2024
50,51,The Boys in the Boat,2023/12/25,Amazon MGM Studios,Drama,30642834.0,2709358.0,2023
51,52,Reagan,2024/08/30,ShowBiz Direct,Drama,29397140.0,2599217.0,2024
52,53,The Forge,2024/08/23,Sony Pictures,Drama,29123632.0,2575034.0,2024
53,54,Horizon: An American Saga C…,2024/06/28,Warner Bros.,Western,29035702.0,2567259.0,2024
54,55,A Complete Unknown,2024/12/25,Searchlight Pictures,Drama,28501840.0,2520057.0,2024
55,56,Imaginary,2024/03/08,Lionsgate,Horror,28009161.0,2476495.0,2024
56,57,Heretic,2024/11/08,A24,Horror,27716205.0,2450593.0,2024
57,58,Abigail,2024/04/19,Universal,Horror,25867515.0,2287137.0,2024
58,59,Monkey Man,2024/04/05,Universal,Thriller/Suspense,25116955.0,2220774.0,2024
59,60,Arthur the King,2024/03/15,Lionsgate,Adventure,25049006.0,2214766.0,2024
60,61,We Live in Time,2024/10/11,A24,Drama,24690031.0,2183027.0,2024
61,62,Poor Things,2023/12/08,Searchlight Pictures,Black Comedy,24257189.0,2144756.0,2023
62,63,Blink Twice,2024/08/23,Amazon MGM Studios,Thriller/Suspense,23093906.0,2041902.0,2024
63,64,Kraven the Hunter,2024/12/13,Sony Pictures,Action,21915474.0,1937708.0,2024
64,65,The Bikeriders,2024/06/21,Focus Features,Drama,21746895.0,1922802.0,2024
65,66,The Ministry of Ungentleman…,2024/04/19,Lionsgate,Action,20535053.0,1815655.0,2024
66,67,Fly Me to the Moon,2024/07/12,Sony Pictures,Romantic Comedy,20532222.0,1815404.0,2024
67,68,Unsung Hero,2024/04/26,Lionsgate,Drama,20335239.0,1797988.0,2024
68,69,The First Omen,2024/04/05,20th Century Studios,Horror,20092802.0,1776552.0,2024
69,70,The Iron Claw,2023/12/22,A24,Drama,19646906.0,1737127.0,2023
70,71,Cabrini,2024/03/08,Angel Studios,Drama,19512135.0,1725211.0,2024
71,72,American Fiction,2023/12/15,Amazon MGM Studios,Comedy,19442987.0,1719097.0,2023
72,73,Ordinary Angels,2024/02/23,Lionsgate,Drama,19174421.0,1695351.0,2024
73,74,The Watchers,2024/06/07,Warner Bros.,Horror,19164028.0,1694432.0,2024
74,75,Tarot,2024/05/03,Sony Pictures,Horror,18771004.0,1659682.0,2024
75,76,Kalki 2898-AD,2024/06/27,Prathyangira Cine…,Action,18289575.0,1617115.0,2024
76,77,Demon Slayer: Kimetsu no Ya…,2024/02/23,Crunchyroll,Action,17657658.0,1561243.0,2024
77,78,Harold and the Purple Crayon,2024/08/02,Sony Pictures,Adventure,17640924.0,1559763.0,2024
78,79,The Color Purple,2023/12/25,Warner Bros.,Musical,16571549.0,1465212.0,2023
79,80,The Substance,2024/09/20,MUBI,Horror,16447054.0,1454205.0,2024
80,81,Immaculate,2024/03/22,Neon,Horror,15671306.0,1385615.0,2024
81,82,Borderlands,2024/08/09,Lionsgate,Action,15482668.0,1368936.0,2024
82,83,Interstellar,2014/11/07,Paramount Pictures,Adventure,15207563.0,1344612.0,2014
83,84,MaXXXine,2024/07/05,A24,Horror,15097633.0,1334892.0,2024
84,85,The Chosen: Season 4 Episod…,2024/02/01,Fathom Events,Drama,14409169.0,1274020.0,2024
85,86,Anora,2024/10/18,Neon,Comedy,14146804.0,1250823.0,2024
86,87,Homestead,2024/12/20,Angel Studios,Drama,13988821.0,1236854.0,2024
87,88,Star Wars Ep. I: The Phanto…,1999/05/19,20th Century Studios,Adventure,13029994.0,1152077.0,1999
88,89,Pushpa: The Rule — Part 2,2024/12/05,Prathyangira Cine…,Action,13000000.0,1149425.0,2024
89,90,Am I Racist?,2024/09/13,SDG Releasing,Documentary,12311598.0,1088559.0,2024
90,91,Here,2024/11/01,Sony Pictures,Drama,12237270.0,1081987.0,2024
91,92,Bonhoeffer: Pastor. Spy. As…,2024/11/22,Angel Studios,Thriller/Suspense,12121045.0,1071710.0,2024
92,93,Sound of Hope: The Story of…,2024/07/04,Angel Studios,Drama,11647099.0,1029805.0,2024
93,94,Godzilla Minus One,2023/12/01,Toho International,Action,11564257.0,1022481.0,2023
94,95,The Boy and the Heron,2023/12/08,GKIDS,Adventure,10986312.0,971380.0,2023
95,96,Never Let Go,2024/09/20,Lionsgate,Horror,10306106.0,911238.0,2024
96,97,Late Night with the Devil,2024/03/22,IFC Films,Horror,10001000.0,884262.0,2024
97,98,Lisa Frankenstein,2024/02/09,Focus Features,Comedy,9774285.0,864216.0,2024
98,99,Piece by Piece,2024/10/11,Focus Features,Documentary,9756635.0,862656.0,2024
99,100,Saturday Night,2024/10/11,Sony Pictures,Comedy,9511315.0,840965.0,2024
100,101,The Chosen: Season 4 Episod…,2024/02/15,Fathom Events,Drama,9482744.0,838439.0,2024
101,102,The Crow,2024/08/23,Lionsgate,Action,9275659.0,820129.0,2024
102,103,Babygirl,2024/12/25,A24,Thriller/Suspense,9186495.0,812245.0,2024
103,104,Thelma,2024/06/21,Magnolia Pictures,Action,9002073.0,795939.0,2024
104,105,The Lord of the Rings: The …,2024/12/13,Warner Bros.,Adventure,8755502.0,774138.0,2024
105,106,The Zone of Interest,2023/12/15,A24,Drama,8112670.0,717301.0,2023
106,107,Spy x Family Code: White,2024/04/19,Crunchyroll,Action,8110042.0,717068.0,2024
107,108,Love Lies Bleeding,2024/03/08,A24,Thriller/Suspense,7830385.0,692342.0,2024
108,109,Ferrari,2023/12/25,Neon,Drama,7771550.0,687140.0,2023
109,110,The Chosen: Season 4 Episod…,2024/02/29,Fathom Events,Drama,7729064.0,683383.0,2024
110,111,A Real Pain,2024/11/01,Searchlight Pictures,Comedy,7676866.0,678768.0,2024
111,112,Megalopolis,2024/09/27,Lionsgate,Drama,7629085.0,674543.0,2024
112,113,Sight,2024/05/24,Angel Studios,Drama,7206741.0,637201.0,2024
113,114,Haikyu!! The Dumpster Battle,2024/05/31,Crunchyroll,Drama,7071622.0,625254.0,2024
114,115,Afraid,2024/08/30,Sony Pictures,Horror,6726179.0,594711.0,2024
115,116,The Hunger Games: The Balla…,2023/11/17,Lionsgate,Action,6630969.0,586293.0,2023
116,117,I.S.S.,2024/01/19,Bleecker Street,Thriller/Suspense,6573799.0,581238.0,2024
117,118,Cuckoo,2024/08/09,Neon,Horror,6217731.0,549755.0,2024
118,119,Back to Black,2024/05/17,Focus Features,Drama,6178165.0,546257.0,2024
119,120,The Book of Clarence,2024/01/12,Sony Pictures,Comedy,6132813.0,542247.0,2024
120,121,The Nightmare Before Christmas,1993/10/13,Walt Disney,Musical,6124705.0,541530.0,1993
121,122,The Mummy,1999/05/07,Universal,Adventure,5978720.0,528622.0,1999
122,123,Someone Like You,2024/04/02,Fathom Events,Drama,5937306.0,524961.0,2024
123,124,One Life,2024/03/15,Bleecker Street,Drama,5716885.0,505472.0,2024
124,125,Devara Part 1,2024/09/27,Prathyangira Cine…,Action,5600000.0,495137.0,2024
125,126,The Killer’s Game,2024/09/13,Lionsgate,Action,5404378.0,477841.0,2024
126,127,My Old Ass,2024/09/13,Amazon MGM Studios,Comedy,5372282.0,475003.0,2024
127,128,The Lion King,1994/06/15,Walt Disney,Adventure,5082278.0,449361.0,1994
128,129,White Bird: A Wonder Story,2024/10/04,Lionsgate,Drama,5069171.0,448203.0,2024
129,130,My Hero Academia the Movie:…,2024/10/11,Toho International,Adventure,5041781.0,445781.0,2024
130,131,Kinds of Kindness,2024/06/21,Searchlight Pictures,Comedy,5038931.0,445529.0,2024
131,132,Drive-Away Dolls,2024/02/23,Focus Features,Comedy,5028215.0,444581.0,2024
132,133,The Fire Inside,2024/12/25,Amazon MGM Studios,Drama,5021220.0,443963.0,2024
133,134,Wicked Little Letters,2024/03/29,Sony Pictures Cla…,Black Comedy,5008179.0,442810.0,2024
134,135,I Saw the TV Glow,2024/05/03,A24,Horror,4949699.0,437639.0,2024
135,136,Dìdi (弟弟),2024/07/26,Focus Features,Drama,4839360.0,427883.0,2024
136,137,"Hello, Love, Again",2024/11/15,Abramorama Films,Drama,4800000.0,424403.0,2024
137,138,Origin,2023/12/08,Neon,Drama,4689831.0,414662.0,2023
138,139,Land of Bad,2024/02/16,The Avenue Entert…,Action,4620045.0,408492.0,2024
139,140,The Exorcism,2024/06/21,Vertical Entertai…,Horror,4530418.0,400567.0,2024
140,141,In a Violent Nature,2024/05/31,IFC Films,Horror,4229999.0,374005.0,2024
141,142,Fighter,2024/01/25,Viacom18 Motion P…,Action,4210000.0,372237.0,2024
142,143,Guntur Kaaram,2024/01/12,Prathyangira Cine…,Action,4100000.0,362511.0,2024
143,144,The Apprentice,2024/10/11,Briarcliff Entert…,Drama,4001910.0,353838.0,2024
144,145,Babes,2024/05/17,Neon,Comedy,3800038.0,335989.0,2024
145,146,Perfect Days,2023/11/10,Neon,Drama,3766668.0,333039.0,2023
146,147,Y2K,2024/12/06,A24,Comedy,3763863.0,332791.0,2024
147,148,Oppenheimer,2023/07/21,Universal,Drama,3761170.0,332553.0,2023
148,149,All of Us Strangers,2023/12/22,Searchlight Pictures,Drama,3703588.0,327461.0,2023
149,150,The Front Room,2024/09/06,A24,Horror,3609844.0,319173.0,2024
150,151,Wish,2023/11/22,Walt Disney,Adventure,3364674.0,297495.0,2023
151,152,Solo Leveling -ReAwakening-,2024/12/06,Sony Pictures,Action,3350693.0,296259.0,2024
152,153,God’s Not Dead: In God We T…,2024/09/12,Fathom Events,Drama,3269322.0,289065.0,2024
153,154,2024 Oscar Shorts,2024/02/16,ShortsHD,Multiple Genres,3162293.0,279602.0,2024
154,155,Strange Darling,2024/08/23,Magenta Light Stu…,Thriller/Suspense,3083595.0,272643.0,2024
155,156,The Long Game,2024/04/12,Mucho Mas Media,Drama,3060040.0,270561.0,2024
156,157,Jesus Thirsts: The Miracle …,2024/06/04,Fathom Events,Documentary,2927121.0,258808.0,2024
157,158,1992,2024/08/30,Lionsgate,Thriller/Suspense,2906073.0,256947.0,2024
158,159,The Fabulous Four,2024/07/26,Bleecker Street,Comedy,2854289.0,252369.0,2024
159,160,Queer,2024/11/27,A24,Drama,2837173.0,250855.0,2024
160,161,For King + Country: A Drumm…,2024/12/05,Fathom Events,Concert/Perfor…,2827417.0,249993.0,2024
161,162,White Christmas,1954/04/27,Fathom Events,Musical,2800094.0,247577.0,1954
162,163,Sing Sing,2024/07/12,A24,Drama,2778745.0,245689.0,2024
163,164,My Penguin Friend,2024/08/16,Roadside Attractions,Drama,2769460.0,244868.0,2024
164,165,Absolution,2024/11/01,Samuel Goldwyn Films,Drama,2715727.0,240117.0,2024
165,166,Dune,2021/10/22,Warner Bros.,Action,2703437.0,239031.0,2021
166,167,Ezra,2024/05/31,Bleecker Street,Comedy,2631451.0,232666.0,2024
167,168,Sight & Sound Presents: Dan…,2024/08/30,Fathom Events,Concert/Perfor…,2629933.0,232532.0,2024
168,169,Boy Kills World,2024/04/26,Roadside Attractions,Action,2626127.0,232195.0,2024
169,170,The Lord of the Rings: The …,2003/12/12,Fathom Events,Adventure,2566412.0,226915.0,2003
170,171,The Blue Angels,2024/05/17,Amazon MGM Studios,Documentary,2560945.0,226432.0,2024
171,172,Rite Here Rite Now,2024/06/20,Trafalgar Releasing,Concert/Perfor…,2550639.0,225521.0,2024
172,173,The Taste of Things,2024/02/14,IFC Films,Drama,2536148.0,224239.0,2024
173,174,Jung Kook: I Am Still,2024/09/18,Trafalgar Releasing,Concert/Perfor…,2500823.0,221116.0,2024
174,175,Tillu Square,2024/03/29,Prathyangira Cine…,Comedy,2500000.0,221043.0,2024
175,176,The American Society of Mag…,2024/03/15,Focus Features,Comedy,2480645.0,219332.0,2024
176,177,Summer Camp,2024/05/31,Roadside Attractions,Comedy,2403638.0,212523.0,2024
177,178,Princess Mononoke,1999/10/29,Fathom Events,Action,2400000.0,212202.0,1999
178,179,Howl's Moving Castle,2005/06/10,Fathom Events,Adventure,2384690.0,210848.0,2005
179,180,Hitpig!,2024/11/01,Viva Pictures,Adventure,2324019.0,205484.0,2024
180,181,Elevation,2024/11/08,Vertical Entertai…,Action,2321801.0,205287.0,2024
181,182,Exhuma,2024/03/15,Well Go USA,Horror,2310900.0,204324.0,2024
182,183,Alien,1979/05/25,20th Century Studios,Horror,2305647.0,203859.0,1979
183,184,Hanu Man,2024/01/12,Nirvana Studios,Action,2300000.0,203360.0,2024
184,185,In the Land of Saints and S…,2024/03/29,Samuel Goldwyn Films,Thriller/Suspense,2260013.0,199824.0,2024
185,186,Problemista,2023/03/08,A24,Comedy,2259752.0,199801.0,2023
186,187,Bhool Bhulaiyaa 3,2024/11/01,Shree Krishna Film,Comedy,2230000.0,197171.0,2024
187,188,Singham Again,2024/11/01,Moviegoers Entert…,Action,2190000.0,193634.0,2024
188,189,Flow,2024/11/22,Janus Films,Adventure,2187324.0,193397.0,2024
189,190,Stree 2,2024/08/16,Prathyangira Cine…,Comedy,2184000.0,193103.0,2024
190,191,The Holdovers,2023/10/27,Focus Features,Comedy,2146720.0,189807.0,2023
191,192,The Ark and the Darkness,2024/03/20,Fathom Events,Documentary,2097560.0,185461.0,2024
192,193,Between the Temples,2024/08/23,Sony Pictures Cla…,Comedy,2084121.0,184272.0,2024
193,194,Lee,2024/09/27,Roadside Attractions,Drama,2005488.0,177320.0,2024
194,195,Look Back,2024/10/04,GKIDS,Drama,2002270.0,177035.0,2024
195,196,YOLO,2024/03/08,Sony Pictures,Comedy,2001584.0,176975.0,2024
196,197,Queen Rock Montreal,2024/01/18,IMAX Films,Concert/Perfor…,2000000.0,176835.0,2024
197,198,Escape From Germany,2024/04/11,Susan Tuckett Media,Drama,1997845.0,176644.0,2024
198,199,The Order,2024/12/06,Vertical Entertai…,Thriller/Suspense,1980622.0,175121.0,2024
199,200,Suga | Agust D Tour ‘D-Day’…,2024/04/10,Trafalgar Releasing,Concert/Perfor…,1951896.0,172581.0,2024
200,201,Out of Darkness,2024/02/09,Bleecker Street,Horror,1951546.0,172550.0,2024
201,202,Werewolves,2024/12/06,Briarcliff Entert…,Horror,1903905.0,168338.0,2024
202,203,Blue Lock The Movie -Episod…,2024/06/28,Crunchyroll,Drama,1855384.0,164048.0,2024
203,204,Jatt & Juliet 3,2024/06/27,White Hill Studios,Romantic Comedy,1802000.0,159328.0,2024
204,205,The Firing Squad,2024/08/02,Atlas Distribution,Drama,1757110.0,155359.0,2024
205,206,City of Dreams,2024/08/30,Roadside Attractions,Thriller/Suspense,1713427.0,151497.0,2024
206,207,Hocus Pocus,1993/07/16,Walt Disney,Comedy,1706986.0,150927.0,1993
207,208,Crew,2024/03/29,Funasia Films,Comedy,1700000.0,150309.0,2024
208,209,Overlord: The Sacred Kingdom,2024/11/08,Sony Pictures,Adventure,1650280.0,145913.0,2024
209,210,Elf,2003/11/07,New Line,Comedy,1569855.0,138802.0,2003
210,211,Small Things Like These,2024/11/08,Roadside Attractions,Drama,1553562.0,137362.0,2024
211,212,Twister,1996/05/10,Warner Bros.,Action,1435369.0,126911.0,1996
212,213,Turning Red,2022/03/11,Walt Disney,Adventure,1399001.0,123696.0,2022
213,214,You Gotta Believe,2024/08/30,Well Go USA,Drama,1398975.0,123694.0,2024
214,215,Vindicating Trump,2024/09/27,SDG Releasing,Documentary,1372091.0,121317.0,2024
215,216,Something to Stand for with…,2024/06/27,Fathom Events,Documentary,1358690.0,120132.0,2024
216,217,Goodrich,2024/10/18,Ketchup Entertain…,Comedy,1351840.0,119526.0,2024
217,218,Anatomy of a Fall,2023/10/13,Neon,Drama,1328548.0,117467.0,2023
218,219,Luca,2021/06/18,Walt Disney,Adventure,1324302.0,117091.0,2021
219,220,The Polar Express,2004/11/10,Warner Bros.,Adventure,1312184.0,116020.0,2004
220,221,The End of Evangelion,2024/03/17,GKIDS,Action,1302300.0,115146.0,2024
221,222,Oddity,2024/07/19,IFC Films,Horror,1200477.0,106143.0,2024
222,223,Irena’s Vow,2024/04/15,Quiver,Drama,1193687.0,105543.0,2024
223,224,Spider-Man 2,2004/06/30,Sony Pictures,Adventure,1190570.0,105267.0,2004
224,225,Touch,2024/07/12,Focus Features,Drama,1174640.0,103859.0,2024
225,226,Kill,2024/07/04,Roadside Attractions,Action,1171487.0,103580.0,2024
226,227,Rad,1986/03/21,Fathom Events,Drama,1163250.0,102851.0,1986
227,228,The Roundup: Punishment,2024/04/26,Capelight Pictures,Action,1154475.0,102076.0,2024
228,229,Kneecap,2024/08/02,Sony Pictures Cla…,Comedy,1145143.0,101250.0,2024
229,230,Average Joe,2024/10/11,Fathom Events,Drama,1129412.0,99860.0,2024
230,231,Sting,2024/04/12,Well Go USA,Horror,1125116.0,99480.0,2024
231,232,Vettaiyan,2024/10/10,Lyca Productions,Action,1100000.0,97259.0,2024
232,233,Lost On A Mountain In Maine,2024/11/01,Blue Fox Entertai…,Adventure,1090836.0,96449.0,2024
233,234,Spider-Man 3,2007/05/04,Sony Pictures,Adventure,1077048.0,95230.0,2007
234,235,DAN DA DAN: First Encounter,2024/09/13,GKIDS,Action,1052679.0,93075.0,2024
235,236,The Outrun,2024/10/04,Sony Pictures Cla…,Drama,1025959.0,90713.0,2024
236,237,Widow Clicquot,2024/07/19,Vertical Entertai…,Drama,1023984.0,90538.0,2024
237,238,Sasquatch Sunset,2024/04/12,Bleecker Street,Comedy,1008662.0,89183.0,2024
238,239,La chimera,2024/03/29,Neon,Drama,1004503.0,88815.0,2024
239,240,Napoleon,2023/11/22,Sony Pictures,Drama,990282.0,87558.0,2023
240,241,Daddio,2024/06/28,Sony Pictures Cla…,Drama,987845.0,87343.0,2024
241,242,National Lampoon’s Christma…,1989/12/01,Warner Bros.,Comedy,987420.0,87305.0,1989
242,243,Article 370,2024/02/23,Jio Studios,Action,980649.0,86706.0,2024
243,244,Trolls Band Together,2023/11/17,Universal,Adventure,977905.0,86464.0,2023
244,245,Tenet,2020/09/03,Warner Bros.,Action,969445.0,85716.0,2020
245,246,Spider-Man,2002/05/03,Sony Pictures,Adventure,946483.0,83685.0,2002
246,247,Soul,2020/11/20,Walt Disney,Adventure,946154.0,83656.0,2020
247,248,Robot Dreams,2024/05/31,Neon,Adventure,875215.0,77384.0,2024
248,249,Rear Window,1954/09/01,Fathom Events,Thriller/Suspense,858030.0,75865.0,1954
249,250,Laufey’s A Night at the Sym…,2024/12/06,Trafalgar Releasing,Concert/Perfor…,845370.0,74745.0,2024
250,251,Freud’s Last Session,2023/12/22,Sony Pictures Cla…,Drama,841503.0,74403.0,2023
251,252,Evil Does Not Exist,2024/05/03,Janus Films,Drama,831685.0,73535.0,2024
252,253,Spider-Man: Far From Home,2019/07/02,Sony Pictures,Action,830407.0,73422.0,2019
253,254,Arcadian,2024/04/12,IFC Films,Thriller/Suspense,828919.0,73291.0,2024
254,255,The Brutalist,2024/12/20,A24,Drama,807682.0,71413.0,2024
255,256,Whiplash,2014/10/10,Sony Pictures Cla…,Drama,800934.0,70816.0,2014
256,257,Janet Planet,2024/06/21,A24,Drama,793638.0,70171.0,2024
257,258,CatVideoFest 2024,2024/08/02,Oscilloscope Pict…,Documentary,790134.0,69862.0,2024
258,259,Stopmotion,2024/02/23,IFC Films,Horror,789226.0,69781.0,2024
259,260,Your Monster,2024/10/25,Vertical Entertai…,Horror,745643.0,65928.0,2024
260,261,Killers of the Flower Moon,2023/10/20,Paramount Pictures,Western,743327.0,65723.0,2023
261,262,Slingshot,2024/08/30,Bleecker Street,Thriller/Suspense,735739.0,65052.0,2024
262,263,"RM: Right People, Wrong Place",2024/12/05,CJ4DPlex,Documentary,714120.0,63141.0,2024
263,264,Disciples in the Moonlight,2024/07/12,Fathom Events,Drama,708379.0,62633.0,2024
264,265,The Return,2024/12/06,Bleecker Street,Drama,703978.0,62244.0,2024
265,266,Ghostlight,2024/06/14,IFC Films,Drama,697229.0,61647.0,2024
266,267,Spider-Man: No Way Home,2021/12/17,Sony Pictures,Action,696465.0,61580.0,2021
267,268,Jaws,1975/06/20,Fathom Events,Horror,696045.0,61542.0,1975
268,269,Tuesday,2024/06/14,A24,Drama,693351.0,61304.0,2024
269,270,Bade Miyan Chote Miyan,2024/04/10,Yash Raj Films,Action,689505.0,60964.0,2024
270,271,The Amazing Spider-Man,2012/07/03,Sony Pictures,Adventure,686557.0,60704.0,2012
271,272,The Amazing Spider-Man 2,2014/05/02,Sony Pictures,Action,676410.0,59806.0,2014
272,273,The Goonies,1985/06/07,Warner Bros.,Adventure,666915.0,58967.0,1985
273,274,RENAISSANCE: A FILM BY BEYO…,2023/12/01,AMC Theatres Dist…,Concert/Perfor…,666311.0,58913.0,2023
274,275,Salaar: Part 1 Ceasefire,2023/12/22,Prathyangira Cine…,Action,660296.0,58382.0,2023
275,276,A Different Man,2024/09/20,A24,Black Comedy,654254.0,57847.0,2024
276,277,The Matrix,1999/03/31,Fathom Events,Action,645296.0,57055.0,1999
277,278,Journey to Bethlehem,2023/11/10,Sony Pictures,Musical,634321.0,56085.0,2023
278,279,All We Imagine as Light,2024/11/15,Janus Films,Drama,627780.0,55507.0,2024
279,280,Memoir of a Snail,2024/10/25,IFC Films,Drama,623930.0,55166.0,2024
280,281,Hundreds of Beavers,2024/01/26,SRH,Comedy,618492.0,54685.0,2024
281,282,Ryan’s World the Movie: Tit…,2024/08/16,Falling Forward F…,Adventure,612999.0,54200.0,2024
282,283,Weekend in Taipei,2024/11/08,Ketchup Entertain…,Action,608034.0,53761.0,2024
283,284,The Teacher’s Lounge,2023/12/25,Sony Pictures Cla…,Drama,596966.0,52782.0,2023
284,285,The Shining,1980/05/23,Fathom Events,Horror,581852.0,51446.0,1980
285,286,The Lord of the Rings: The …,2003/12/05,Fathom Events,Adventure,579405.0,51229.0,2003
286,287,Not Another Church Movie,2024/05/10,Briarcliff Entert…,Comedy,576242.0,50950.0,2024
287,288,Rumours,2024/10/18,Bleecker Street,Black Comedy,571909.0,50567.0,2024
288,289,Faith of Angels,2024/09/12,Purdie Distribution,Drama,570027.0,50400.0,2024
289,290,Wildcat,2024/05/03,Oscilloscope Pict…,Drama,565170.0,49971.0,2024
290,291,Barbie,2023/07/21,Warner Bros.,Comedy,559493.0,49469.0,2023
291,292,Harry Potter and the Prison…,2004/06/04,Warner Bros.,Adventure,557207.0,49267.0,2004
292,293,The Lord of the Rings: The …,2003/12/17,Fathom Events,Adventure,556643.0,49217.0,2003
293,294,Harry Potter and the Deathl…,2011/07/15,Warner Bros.,Adventure,547710.0,48427.0,2011
294,295,Treasure,2024/06/14,Bleecker Street,Drama,541578.0,47885.0,2024
295,296,The Wizard of Oz,2009/09/23,Fathom Events,Musical,534680.0,47275.0,2009
296,297,Winnie-the-Pooh: Blood and …,2024/03/26,Fathom Events,Horror,533144.0,47139.0,2024
297,298,Firebrand,2024/06/14,Roadside Attractions,Drama,521366.0,46098.0,2024
298,299,Dune,1984/12/14,Fathom Events,Action,513870.0,45435.0,1984
299,300,Exhibiting Forgiveness,2024/10/18,Roadside Attractions,Drama,506520.0,44785.0,2024
300,301,How the Grinch Stole Christmas,2000/11/17,Universal,Adventure,486080.0,42978.0,2000
301,302,The Magnificent Seven,1956/11/19,Janus Films,Action,482258.0,42640.0,1956
302,303,William Shatner: You Can Ca…,2024/03/22,Falling Forward F…,Documentary,480991.0,42528.0,2024
303,304,Back to the Future,1985/07/03,Fathom Events,Adventure,475835.0,42072.0,1985
304,305,Harry Potter and the Half-B…,2009/07/15,Warner Bros.,Adventure,458189.0,40512.0,2009
305,306,Skincare,2024/08/16,IFC Films,Thriller/Suspense,456590.0,40370.0,2024
306,307,Snack Shack,2024/03/15,Republic Pictures,Comedy,455708.0,40292.0,2024
307,308,Les Misérables,2012/12/25,Universal,Musical,450370.0,39821.0,2012
308,309,The Critic,2024/09/13,Greenwich,Thriller/Suspense,449020.0,39701.0,2024
309,310,Azrael,2024/09/27,IFC Films,Action,433861.0,38361.0,2024
310,311,Dragonkeeper,2024/05/03,Viva Pictures,Adventure,426776.0,37734.0,2024
311,312,Scrambled,2024/02/02,Roadside Attractions,Comedy,422555.0,37361.0,2024
312,313,Harry Potter and the Goblet…,2005/11/18,Warner Bros.,Adventure,421798.0,37294.0,2005
313,314,One From the Heart,1982/02/12,Rialto Pictures,Drama,421742.0,37289.0,1982
314,315,JESUS: a Deaf Missions film,2024/06/20,Iconic Releasing,Drama,417579.0,36921.0,2024
315,316,The Beast,2024/04/05,Janus Films,Drama,413978.0,36603.0,2024
316,317,Ghost in the Shell 2: Innoc…,2004/09/17,GKIDS,Action,409592.0,36215.0,2004
317,318,Harry Potter and the Chambe…,2002/11/15,Warner Bros.,Adventure,388375.0,34339.0,2002
318,319,"Veteran 2: I, The Executioner",2024/09/27,Blue Fox Entertai…,Action,388067.0,34312.0,2024
319,320,Hard Miles,2024/04/19,Blue Fox Entertai…,Drama,386891.0,34208.0,2024
320,321,Rob Peace,2024/08/16,Republic Pictures,Drama,383520.0,33910.0,2024
321,322,Spider-Man: Homecoming,2017/07/07,Sony Pictures,Action,379836.0,33584.0,2017
322,323,Blazing Saddles,1974/02/07,Fathom Events,Comedy,378189.0,33438.0,1974
323,324,Back to the Future Part II,1989/11/22,Universal,Adventure,361195.0,31936.0,1989
324,325,Good One,2024/08/09,Metrograph Pictures,Drama,352135.0,31135.0,2024
325,326,Shrek,2001/05/18,Dreamworks SKG,Adventure,348410.0,30805.0,2001
326,327,Forty-Seven Days with Jesus,2024/03/11,Fathom Events,Drama,348317.0,30797.0,2024
327,328,"Paris, Texas",1984/11/09,20th Century Fox,Drama,345760.0,30571.0,1984
328,329,Anselm,2023/12/08,Janus Films,Documentary,344601.0,30469.0,2023
329,330,Casablanca,1943/01/23,Cinemark,Drama,343492.0,30371.0,1943
330,331,Twilight of the Warriors: W…,2024/08/09,Well Go USA,Action,336003.0,29708.0,2024
331,332,Harry Potter and the Order …,2007/07/11,Warner Bros.,Adventure,326632.0,28880.0,2007
332,333,Miller’s Girl,2024/01/26,Lionsgate,Thriller/Suspense,321000.0,28382.0,2024
333,334,The Fall,2008/05/09,Roadside Attractions,Drama,317042.0,28032.0,2008
334,335,A Silent Voice,2019/01/31,GKIDS,Drama,314966.0,27848.0,2019
335,336,How to Make Millions Before…,2024/09/13,Well Go USA,Drama,303772.0,26859.0,2024
336,337,Memory,2023/12/22,Ketchup Entertain…,Drama,302971.0,26788.0,2023
337,338,A Nightmare on Elm Street,1984/11/09,New Line,Horror,300380.0,26559.0,1984
338,339,Dunki,2023/12/21,Yash Raj Films,Comedy,299344.0,26467.0,2023
339,340,Harry Potter and the Deathl…,2010/11/19,Warner Bros.,Adventure,298505.0,26393.0,2010
340,341,We Grown Now,2024/04/19,Sony Pictures Cla…,Drama,296535.0,26219.0,2024
341,342,Kung Fu Panda,2008/06/06,Paramount Pictures,Adventure,292955.0,25902.0,2008
342,343,Accidental Texan,2024/03/08,Roadside Attractions,Comedy,292687.0,25879.0,2024
343,344,Fallen Leaves,2023/11/17,MUBI,Drama,289545.0,25601.0,2023
344,345,I Am: Celine Dion,2024/06/21,Amazon MGM Studios,Documentary,283358.0,25054.0,2024
345,346,Spider-Man: Across the Spid…,2023/06/02,Sony Pictures,Adventure,282435.0,24972.0,2023
346,347,Housekeeping for Beginners,2024/04/05,Focus Features,Drama,280510.0,24802.0,2024
347,348,Minions: The Rise of Gru,2022/07/01,Universal,Adventure,278930.0,24662.0,2022
348,349,Gremlins,1984/06/08,Warner Bros.,Comedy,275692.0,24376.0,1984
349,350,The Hopeful,2024/04/17,Fathom Events,Drama,273569.0,24188.0,2024
350,351,How to Train Your Dragon,2010/03/26,Paramount Pictures,Adventure,270745.0,23939.0,2010
351,352,National Anthem,2024/07/12,LD Entertainment,Drama,268183.0,23712.0,2024
352,353,The Batman,2022/03/04,Warner Bros.,Action,267320.0,23636.0,2022
353,354,The Lost Boys,1987/07/31,Warner Bros.,Horror,265451.0,23470.0,1987
354,355,Dr. Seuss’ The Grinch,2018/11/09,Universal,Adventure,262165.0,23180.0,2018
355,356,The Promised Land,2024/02/02,Magnolia Pictures,Drama,257749.0,22789.0,2024
356,357,Escape,2024/07/05,Well Go USA,Action,256979.0,22721.0,2024
357,358,The Carpenter,2024/11/01,Purdie Distribution,Drama,247568.0,21889.0,2024
358,359,The Sweet East,2023/12/01,Utopia,Drama,245709.0,21725.0,2023
359,360,The Room Next Door,2024/12/20,Sony Pictures Cla…,Drama,244912.0,21654.0,2024
360,361,The Seed of the Sacred Fig,2024/11/27,Neon,Drama,243535.0,21533.0,2024
361,362,Nostalghia,2013/05/31,Kino Lorber,Documentary,243162.0,21500.0,2013
362,363,Hijack 1971,2024/07/05,Sony Pictures,Drama,242069.0,21403.0,2024
363,364,Nickel Boys,2024/12/13,Amazon MGM Studios,Drama,236973.0,20953.0,2024
364,365,Indigo Girls: It’s Only Lif…,2024/04/10,Oscilloscope Pict…,Documentary,232803.0,20584.0,2024
365,366,Noryang: Deadly Sea,2023/12/22,Well Go USA,Action,232584.0,20564.0,2023
366,367,Batman,1989/06/23,Warner Bros.,Action,231505.0,20469.0,1989
367,368,The Old Oak,2024/04/05,Zeitgeist,Drama,229763.0,20315.0,2024
368,369,Animal,2023/12/01,Moksha Movies,Action,229418.0,20285.0,2023
369,370,Just a Bit Outside: The Sto…,2024/09/13,Canonball Product…,Documentary,227810.0,20142.0,2024
370,371,Asphalt City,2024/03/29,Roadside Attractions,Thriller/Suspense,220970.0,19538.0,2024
371,372,Ghost Cat Anzu,2024/11/15,GKIDS,Drama,218261.0,19298.0,2024
372,373,September 5,2024/12/13,Paramount Pictures,Drama,217151.0,19200.0,2024
373,374,Pandas,2018/04/06,IMAX Films,Documentary,215347.0,19040.0,2018
374,375,The People’s Joker,2024/04/05,Altered Innocence,Comedy,213555.0,18882.0,2024
375,376,The Dark Knight,2008/07/18,Warner Bros.,Action,211676.0,18716.0,2008
376,377,Trailer Park Boys Presents:…,2024/12/06,Blue Fox Entertai…,Comedy,210000.0,18568.0,2024
377,378,The Thing,1982/06/25,Universal,Horror,206355.0,18245.0,1982
378,379,The Lego Movie,2014/02/07,Warner Bros.,Adventure,205354.0,18157.0,2014
379,380,Luther: Never Too Much,2024/11/01,Giant Pictures,Documentary,202796.0,17931.0,2024
380,381,Aggro Dr1ft,2024/02/09,EDGLRD,Action,201351.0,17803.0,2024
381,382,TAYLOR SWIFT | THE ERAS TOUR,2023/10/13,AMC Theatres Dist…,Concert/Perfor…,199943.0,17678.0,2023
382,383,Mars Express,2024/05/03,GKIDS,Thriller/Suspense,199289.0,17621.0,2024
383,384,Beetle Juice,1988/03/30,Warner Bros.,Comedy,195469.0,17283.0,1988
384,385,The Shift,2023/12/01,Angel Studios,Thriller/Suspense,192985.0,17063.0,2023
385,386,Purple Rain,1984/07/27,Warner Bros.,Drama,191969.0,16973.0,1984
386,387,I Did It My Way,2024/01/12,Well Go USA,Action,190686.0,16860.0,2024
387,388,The Big Lebowski,1998/03/06,Fathom Events,Comedy,187520.0,16580.0,1998
388,389,Femme,2024/03/22,Utopia,Drama,187053.0,16539.0,2024
389,390,Pride and Prejudice,2005/11/11,Focus Features,Drama,186515.0,16491.0,2005
390,391,A Christmas Story,1983/11/18,Fathom Events,Comedy,185186.0,16374.0,1983
391,392,Psycho,1960/03/08,Fathom Events,Horror,181230.0,16024.0,1960
392,393,Amelie,2001/11/02,Sony Pictures,Romantic Comedy,180081.0,15922.0,2001
393,394,Get Away,2024/12/06,IFC Films,Horror,179897.0,15906.0,2024
394,395,The Conversation,1974/04/07,Rialto Pictures,Thriller/Suspense,179773.0,15895.0,1974
395,396,How to Have Sex,2024/02/02,MUBI,Drama,177380.0,15683.0,2024
396,397,Le Samouraï (1972) (Re-Rele…,1997/02/28,,Thriller/Suspense,177215.0,15669.0,1997
397,398,Last Summer,2024/06/28,Janus Films,Drama,174977.0,15471.0,2024
398,399,I Used to Be Funny,2024/06/07,Utopia,Comedy,171756.0,15186.0,2024
399,400,Saltburn,2023/11/17,Amazon MGM Studios,Thriller/Suspense,169317.0,14971.0,2023
400,401,Bocchi The Rock! Recap Part…,2024/10/04,Crunchyroll,,167948.0,14850.0,2024
401,402,Coup!,2024/08/02,Greenwich,Comedy,166559.0,14727.0,2024
402,403,Remembering Gene Wilder,2024/03/15,Kino Lorber,Documentary,166233.0,14698.0,2024
403,404,The Monk and the Gun,2024/02/09,Roadside Attractions,Drama,165470.0,14630.0,2024
404,405,No Way Up,2024/02/16,IFC Films,Adventure,163756.0,14479.0,2024
405,406,A Cat’s Life,2024/03/29,Blue Fox Entertai…,Adventure,162363.0,14356.0,2024
406,407,The Iron Giant,1999/08/04,Warner Bros.,Adventure,159179.0,14074.0,1999
407,408,Vertigo (1958) (Re-Release),1996/10/04,Paramount Pictures,Thriller/Suspense,158085.0,13977.0,1996
408,409,Christmas Eve in Miller’s P…,2024/11/08,IFC Films,Comedy,157305.0,13908.0,2024
409,410,The Peasants,2024/01/26,Sony Pictures Cla…,Drama,155188.0,13721.0,2024
410,411,Weak Layers,2024/01/05,Greenwich,Comedy,154445.0,13656.0,2024
411,412,The Good Half,2024/07/23,Utopia,Comedy,151894.0,13430.0,2024
412,413,North by Northwest,1959/01/01,Fathom Events,Thriller/Suspense,151019.0,13353.0,1959
413,414,2001: A Space Odyssey,1968/04/02,MGM,Adventure,149859.0,13250.0,1968
414,415,Tokyo Cowboy,2024/08/30,Purdie Distribution,Drama,149575.0,13225.0,2024
415,416,Bird,2024/11/08,MUBI,Drama,147838.0,13071.0,2024
416,417,"Oh, Canada",2024/12/06,Kino Lorber,Drama,147068.0,13003.0,2024
417,418,Run Lola Run,1999/06/18,Sony Pictures Cla…,Thriller/Suspense,144758.0,12799.0,1999
418,419,Thanksgiving,2023/11/17,Sony Pictures,Horror,144612.0,12786.0,2023
419,420,The Rocky Horror Picture Show,1975/09/26,Walt Disney,Musical,144000.0,12732.0,1975
420,421,Soundtrack to a Coup d’Etat,2024/11/01,Kino Lorber,Documentary,143382.0,12677.0,2024
421,422,The Land Before Time,1988/11/18,Universal,Adventure,142425.0,12593.0,1988
422,423,The End,2024/12/06,Neon,Musical,141660.0,12525.0,2024
423,424,Raayan,2024/07/26,,Action,140000.0,12378.0,2024
424,425,Scott Pilgrim vs. The World,2010/08/13,Universal,Comedy,133705.0,11822.0,2010
425,426,Poolman,2024/05/10,Vertical Entertai…,Comedy,131000.0,11583.0,2024
426,427,Love Actually,2003/11/07,Universal,Romantic Comedy,130875.0,11572.0,2003
427,428,Sometimes I Think About Dying,2024/01/26,Oscilloscope Pict…,Comedy,130457.0,11535.0,2024
428,429,Shaun of the Dead,2004/09/24,Focus Features,Comedy,128790.0,11387.0,2004
429,430,¡Casa Bonita Mi Amor!,2024/09/06,MTV Documentary F…,Documentary,128531.0,11364.0,2024
430,431,Across the River and Into t…,2024/08/30,Level 33,Drama,128342.0,11348.0,2024
431,432,Shrek 2,2004/05/19,Universal,Adventure,123485.0,10918.0,2004
432,433,Customs Frontline,2024/07/19,Well Go USA,Action,122095.0,10795.0,2024
433,434,Eyes Wide Shut,1999/07/16,Warner Bros.,Drama,121174.0,10714.0,1999
434,435,About Dry Grasses,2024/02/23,Janus Films,Drama,118988.0,10521.0,2024
435,436,Dazed and Confused,1993/09/24,Focus Features,Comedy,117625.0,10400.0,1993
436,437,The Neverending Story,1984/07/20,Fathom Events,Adventure,116940.0,10340.0,1984
437,438,Sugarcane,2024/08/09,National Geograph…,Documentary,112251.0,9925.0,2024
438,439,War Game,2024/08/02,Submarine Deluxe,Thriller/Suspense,111088.0,9822.0,2024
439,440,Inception,2010/07/16,Warner Bros.,Thriller/Suspense,108832.0,9623.0,2010
440,441,Dial M for Murder (1954),1954/05/29,Warner Bros.,Thriller/Suspense,108790.0,9619.0,1954
441,442,God & Country: The Rise Of …,2024/02/16,Oscilloscope Pict…,Documentary,108385.0,9583.0,2024
442,443,Monster,2023/11/22,Well Go USA,Thriller/Suspense,107975.0,9547.0,2023
443,444,Army of Shadows,2006/04/28,Rialto Pictures,Drama,106027.0,9375.0,2006
444,445,Stress Positions,2024/04/19,Neon,Comedy,105995.0,9372.0,2024
445,446,Los Frikis,2024/12/20,Falling Forward F…,Drama,104995.0,9283.0,2024
446,447,Casper,1995/05/26,Universal,Comedy,104630.0,9251.0,1995
447,448,The Crime is Mine,2023/12/25,Music Box Films,Drama,102724.0,9083.0,2023
448,449,Carol Doda Topless at the C…,2024/03/22,Picturehouse,Documentary,101134.0,8942.0,2024
449,450,Dahomey,2024/10/25,MUBI,Documentary,100959.0,8927.0,2024
450,451,Field of Dreams,1989/04/21,Universal,Drama,100610.0,8896.0,1989
451,452,TÓTEM,2024/01/26,Janus Films,Drama,100150.0,8855.0,2024
452,453,Green Border,2024/06/21,Kino Lorber,Drama,96595.0,8541.0,2024
453,454,The Mask,1994/07/29,New Line,Comedy,96486.0,8531.0,1994
454,455,The Notebook,2004/06/25,New Line,Drama,95390.0,8434.0,2004
455,456,Blade Runner,1982/06/25,Warner Bros.,Thriller/Suspense,94815.0,8383.0,1982
456,457,The Last Stop in Yuma County,2024/05/10,Well Go USA,Thriller/Suspense,94344.0,8342.0,2024
457,458,Four Daughters,2023/10/27,Kino Lorber,Documentary,94148.0,8324.0,2023
458,459,Deep Sea 3-D,2006/03/03,Warner Bros.,Documentary,91858.0,8122.0,2006
459,460,When Harry Met Sally…,1989/07/14,Columbia,Romantic Comedy,90785.0,8027.0,1989
460,461,Dandelion,2024/07/12,IFC Films,Drama,89433.0,7907.0,2024
461,462,In the Summers,2024/09/20,Music Box Films,Drama,89015.0,7870.0,2024
462,463,Fitting In,2024/02/02,Blue Fox Entertai…,Comedy,87995.0,7780.0,2024
463,464,Ryuichi Sakamoto | Opus,2024/03/15,Janus Films,Documentary,86554.0,7653.0,2024
464,465,The Sacrifice,2014/11/07,Orion Pictures,Drama,86431.0,7642.0,2014
465,466,Selena,1997/03/21,Iconic Releasing,Drama,85962.0,7601.0,1997
466,467,A Fragile Flower,2024/03/29,Atlas Distribution,Drama,83500.0,7383.0,2024
467,468,Mad Max: Fury Road,2015/05/15,Warner Bros.,Action,83436.0,7377.0,2015
468,469,Red Rooms,2024/09/06,Utopia,Thriller/Suspense,83081.0,7346.0,2024
469,470,Poltergeist,1982/06/04,Fathom Events,Horror,82913.0,7331.0,1982
470,471,The Feeling That the Time f…,2024/04/26,Magnolia Pictures,Comedy,82083.0,7258.0,2024
471,472,Born to be Wild 3D,2011/04/08,Warner Bros.,Documentary,81773.0,7230.0,2011
472,473,Practical Magic,1998/10/16,Warner Bros.,Comedy,81346.0,7192.0,1998
473,474,Ennio,2024/02/09,Music Box Films,Documentary,80431.0,7111.0,2024
474,475,Little Shop of Horrors,1986/12/19,Warner Bros.,Musical,79989.0,7072.0,1986
475,476,The Shawshank Redemption,1994/09/23,Fathom Events,Drama,79949.0,7069.0,1994
476,477,Dream Scenario,2023/11/10,A24,Black Comedy,78179.0,6912.0,2023
477,478,Willy Wonka & the Chocolate…,1971/06/30,Paramount Pictures,Musical,77971.0,6894.0,1971
478,479,Interview with the Vampire:…,1994/11/11,Warner Bros.,Horror,76804.0,6791.0,1994
479,480,DogMan,2024/03/29,Briarcliff Entert…,Drama,76394.0,6755.0,2024
480,481,Dumb & Dumber,1994/12/16,New Line,Comedy,75849.0,6706.0,1994
481,482,Omar and Cedric: If This Ev…,2024/11/20,Oscilloscope Pict…,Documentary,75189.0,6648.0,2024
482,483,Inside the Yellow Cocoon Shell,2024/01/19,Kino Lorber,Drama,75056.0,6636.0,2024
483,484,Crossing,2024/07/19,MUBI,Drama,74604.0,6596.0,2024
484,485,Do Not Expect Too Much From…,2024/03/22,MUBI,Comedy,73983.0,6541.0,2024
485,486,Hubble 3D,2010/03/19,Warner Bros.,Documentary,73668.0,6514.0,2010
486,487,Day of the Fight,2024/12/06,Falling Forward F…,Drama,72931.0,6448.0,2024
487,488,Deaner ‘89,2024/09/06,Mongrel Media,Comedy,71487.0,6321.0,2024
488,489,Classe Tous Risques,2005/11/18,Rialto Pictures,Thriller/Suspense,70659.0,6247.0,2005
489,490,Close to You,2024/08/16,Greenwich,Drama,68389.0,6047.0,2024
490,491,Sirocco and the Kingdom of …,2024/08/09,GKIDS,Adventure,67498.0,5968.0,2024
491,492,How to Come Alive With Norm…,2024/06/28,Kino Lorber,Documentary,66974.0,5922.0,2024
492,493,High & Low — John Galliano,2024/03/08,MUBI,Documentary,66511.0,5881.0,2024
493,494,Singin' in the Rain,1952/04/10,MGM,Musical,66475.0,5878.0,1952
494,495,Radical,2023/11/03,Pantelion Films,Drama,66432.0,5874.0,2023
495,496,Sebastian,2024/08/02,Kino Lorber,Drama,65636.0,5803.0,2024
496,497,Taking Venice,2024/05/17,Zeitgeist,Documentary,65334.0,5777.0,2024
497,498,Batman: Mask of the Phantasm,1993/12/25,Warner Bros.,Action,65229.0,5767.0,1993
498,499,Bad Shabbos,2024/11/29,Menemsha Entertai…,Comedy,65160.0,5761.0,2024
499,500,Under the Sea 3D,2009/02/13,Warner Bros.,Documentary,65146.0,5760.0,2009
500,501,The Count of Monte Cristo,2024/12/20,Samuel Goldwyn Films,Drama,64577.0,5710.0,2024
501,502,After Hours,1985/09/13,Warner Bros.,Black Comedy,63966.0,5656.0,1985
502,503,The Exorcist,1973/12/26,Fathom Events,Horror,63772.0,5639.0,1973
503,504,The Shade,2024/09/20,Level 33,Thriller/Suspense,63625.0,5626.0,2024
504,505,Harbin,2024/12/25,Well Go USA,Action,63555.0,5619.0,2024
505,506,Kizumonogatari: Koyomi Vamp,2024/08/28,Crunchyroll,Action,62079.0,5489.0,2024
506,507,Shayda,2023/12/01,Sony Pictures Cla…,Drama,61694.0,5455.0,2023
507,508,The Umbrellas of Cherbourg,2004/02/13,Janus Films,Multiple Genres,60852.0,5380.0,2004
508,509,Alienoid: The Return to the…,2024/01/26,Well Go USA,Action,60720.0,5369.0,2024
509,510,LiVE is SMiLE ALWAYS -Lander-,2024/08/17,Crunchyroll,Concert/Perfor…,60710.0,5368.0,2024
510,511,They Shot the Piano Player,2023/11/24,Sony Pictures Cla…,Drama,59587.0,5269.0,2023
511,512,Force of Nature: The Dry 2,2024/05/10,IFC Films,Thriller/Suspense,58690.0,5189.0,2024
512,513,The Fugitive,1993/08/06,Warner Bros.,Thriller/Suspense,58590.0,5180.0,1993
513,514,Deer Camp '86,2024/05/31,Panoramic Pictures,Comedy,58193.0,5145.0,2024
514,515,The Cowboy & the Queen,2024/09/06,Greenwich,Documentary,57589.0,5092.0,2024
515,516,Batman Returns,1992/06/18,Warner Bros.,Action,57346.0,5070.0,1992
516,517,Bloody Axe Wound,2024/12/27,IFC Films,Horror,57288.0,5065.0,2024
517,518,Paddington 2,2018/01/12,Warner Bros.,Adventure,57111.0,5050.0,2018
518,519,A Clockwork Orange,1971/12/17,Warner Bros.,Drama,56540.0,4999.0,1971
519,520,Menus-Plaisirs Les Troisgros,2023/11/22,Zipporah,Documentary,56443.0,4991.0,2023
520,521,Music for Mushrooms,2024/09/13,Area 23a,Documentary,54178.0,4790.0,2024
521,522,Batman Forever,1995/06/16,Fathom Events,Action,53879.0,4764.0,1995
522,523,Seeking Mavis Beacon,2024/08/30,Neon,Documentary,52897.0,4677.0,2024
523,524,The Outsiders,1983/03/25,Warner Bros.,Drama,52881.0,4676.0,1983
524,525,Flipside,2024/05/31,Oscilloscope Pict…,Documentary,52247.0,4620.0,2024
525,526,The Phantom of the Opera,2004/12/22,Warner Bros.,Musical,51923.0,4591.0,2004
526,527,The Beast Within,2024/07/26,Well Go USA,Horror,51860.0,4585.0,2024
527,528,Pacific Rim,2013/07/12,Warner Bros.,Action,51491.0,4553.0,2013
528,529,Sabbath Queen,2024/11/22,8 Above,Documentary,50696.0,4482.0,2024
529,530,Daaaaaali!,2024/05/24,Music Box Films,Comedy,50360.0,4453.0,2024
530,531,The Animal Kingdom,2024/03/15,Magnet Releasing,Thriller/Suspense,50320.0,4449.0,2024
531,532,Riddle of Fire,2024/03/22,Yellow Veil Pictures,Adventure,49704.0,4395.0,2024
532,533,The Settlers,2024/01/12,MUBI,Drama,49624.0,4388.0,2024
533,534,Banel & Adama,2024/06/07,Kino Lorber,Drama,49503.0,4377.0,2024
534,535,The Girl With the Needle,2024/12/06,MUBI,Drama,48849.0,4319.0,2024
535,536,Union,2024/10/18,Level Ground Prod…,Documentary,47883.0,4234.0,2024
536,537,The Vourdalak,2024/06/28,Oscilloscope Pict…,Horror,46937.0,4150.0,2024
537,538,Thabo and the Rhino Case,2024/05/03,Purdie Distribution,Adventure,46002.0,4067.0,2024
538,539,Mountains,2024/08/16,Music Box Films,Drama,45971.0,4065.0,2024
539,540,The School of Magical Anima…,2024/06/07,Blue Fox Entertai…,Adventure,45860.0,4055.0,2024
540,541,Better Man,2024/12/25,Paramount Pictures,Musical,45711.0,4042.0,2024
541,542,Limbo,2024/03/22,Music Box Films,Drama,45272.0,4003.0,2024
542,543,Humane,2024/04/26,IFC Films,Thriller/Suspense,44509.0,3935.0,2024
543,544,Time Masters,1984/07/20,Janus Films,Adventure,43686.0,3863.0,1984
544,545,Nurse Unseen,2024/10/04,,Documentary,42778.0,3782.0,2024
545,546,The Oath,2023/12/08,Freestyle Releasing,Action,41443.0,3664.0,2023
546,547,Omni Loop,2024/09/20,Magnolia Pictures,Drama,40269.0,3560.0,2024
547,548,Panda Plan,2024/10/18,Well Go USA,Comedy,40110.0,3546.0,2024
548,549,Crumb Catcher,2024/07/19,Music Box Films,Thriller/Suspense,39660.0,3507.0,2024
549,550,Leap of Faith,2024/10/04,Picturehouse,Documentary,39083.0,3456.0,2024
550,551,The Stolen Valley,2024/02/23,Blue Fox Entertai…,Western,38909.0,3440.0,2024
551,552,Household Saints,1993/09/15,Kino Lorber,Drama,38814.0,3432.0,1993
552,553,Popular Theory,2024/02/09,Blue Fox Entertai…,Comedy,38781.0,3429.0,2024
553,554,Dark Feathers: Dance Of The…,2024/08/02,Hannover House,Thriller/Suspense,38254.0,3382.0,2024
554,555,The Line,2024/10/18,Utopia,Thriller/Suspense,37774.0,3340.0,2024
555,556,Little Girl Blue,2024/11/01,Indican Pictures,Documentary,37340.0,3302.0,2024
556,557,The Absence of Eden,2024/04/12,Roadside Attractions,Drama,37265.0,3295.0,2024
557,558,Ernest Cole: Lost and Found,2024/11/22,Magnolia Pictures,Documentary,37220.0,3291.0,2024
558,559,The Wasp,2024/08/30,Shout! Factory,Thriller/Suspense,36878.0,3261.0,2024
559,560,The Concierge,2024/09/11,Crunchyroll,Adventure,36333.0,3212.0,2024
560,561,From Embers,2024/10/25,Indican Pictures,Thriller/Suspense,35826.0,3168.0,2024
561,562,Daytime Revolution,2024/10/09,Kino Lorber,Documentary,35750.0,3161.0,2024
562,563,Red Right Hand,2024/02/23,Magnolia Pictures,Action,35368.0,3127.0,2024
563,564,Basquiat,1996/08/09,Janus Films,Drama,35204.0,3112.0,1996
564,565,Cora Bora,2024/06/14,Brainstorm Media,Comedy,35040.0,3098.0,2024
565,566,Fighting Spirit: A Combat C…,2024/11/08,,Documentary,35007.0,3095.0,2024
566,567,Shoeshine,2024/06/14,Janus Films,Drama,34677.0,3066.0,2024
567,568,Sleep,2024/09/27,Magnet Releasing,Thriller/Suspense,34221.0,3026.0,2024
568,569,Trapezium,2024/09/18,Crunchyroll,Musical,32541.0,2877.0,2024
569,570,Bushman,2024/02/02,Kino Lorber,Drama,31380.0,2775.0,2024
570,571,Caligula,1999/09/17,Drafthouse Films,Drama,30815.0,2725.0,1999
571,572,To the Arctic 3D,2012/04/20,Warner Bros.,Documentary,30630.0,2708.0,2012
572,573,Once Again (For The Very Fi…,2024/10/18,Indican Pictures,Drama,30092.0,2661.0,2024
573,574,Make Me Famous,2023/06/22,Red Splat Product…,Documentary,30007.0,2653.0,2023
574,575,The World According to Alle…,2024/11/15,Magnolia Pictures,Documentary,29689.0,2625.0,2024
575,576,Killer Raccoons 2: Dark Chr…,2020/07/31,Indican Pictures,Comedy,29175.0,2580.0,2020
576,577,Gasoline Rainbow,2024/05/10,MUBI,Adventure,29068.0,2570.0,2024
577,578,Let’s Get Lost,1989/04/21,Kino Lorber,Documentary,28339.0,2506.0,1989
578,579,"Mother, Couch",2024/07/05,Film Movement,Comedy,27332.0,2417.0,2024
579,580,Inheritance to Love,2024/02/09,Purdie Distribution,Romantic Comedy,27305.0,2414.0,2024
580,581,"Food, Inc. 2",2024/04/09,Magnolia Pictures,Documentary,26502.0,2343.0,2024
581,582,Uproar,2024/03/15,Blue Fox Entertai…,Drama,26316.0,2327.0,2024
582,583,The Heart Stays,2024/03/22,Indican Pictures,Drama,26287.0,2324.0,2024
583,584,Handling the Undead,2024/05/31,Neon,Drama,26208.0,2317.0,2024
584,585,Return to Reason: Four Film…,2024/05/15,Janus Films,Multiple Genres,25487.0,2253.0,2024
585,586,Pasang: In The Shadow of Ev…,2024/01/19,A Slice of Pie Pr…,Documentary,25267.0,2234.0,2024
586,587,Porcelain War,2024/11/22,Picturehouse,Documentary,25213.0,2229.0,2024
587,588,The Small Back Room,2024/06/28,Rialto Pictures,Thriller/Suspense,25091.0,2218.0,2024
588,589,Dance First,2024/08/09,Magnolia Pictures,Drama,24914.0,2203.0,2024
589,590,Naked Acts,2024/06/14,Kino Lorber,Comedy,23957.0,2118.0,2024
590,591,Lost Soulz,2024/05/03,Kino Lorber,Educational,23522.0,2080.0,2024
591,592,Unit 262,2023/12/08,Indican Pictures,Action,23498.0,2078.0,2023
592,593,Free Time,2024/03/22,Cartilage Films,Comedy,23134.0,2045.0,2024
593,594,Inshallah a Boy,2024/01/12,Greenwich,Drama,23069.0,2040.0,2024
594,595,Black Box Diaries,2024/10/25,MTV Documentary F…,Documentary,22313.0,1973.0,2024
595,596,The Nature of Love,2024/07/05,Music Box Films,Romantic Comedy,22063.0,1951.0,2024
596,597,The Featherweight,2024/09/20,Tuckman Media,Drama,22011.0,1946.0,2024
597,598,Chicken For Linda!,2024/04/05,GKIDS,Drama,21500.0,1901.0,2024
598,599,The Wages of Fear,1955/02/16,Janus Films,Adventure,21228.0,1877.0,1955
599,600,The Marvels,2023/11/10,Walt Disney,Adventure,21068.0,1863.0,2023
600,601,Kensuke’s Kingdom,2024/10/18,Blue Fox Entertai…,Adventure,21033.0,1860.0,2024
601,602,The Burmese Harp,2024/10/18,Janus Films,Drama,20015.0,1770.0,2024
602,603,Altered Reality,2024/02/16,K Street Pictures,Thriller/Suspense,19900.0,1760.0,2024
603,604,The Pianist,2002/12/27,Rialto Pictures,Drama,19900.0,1760.0,2002
604,605,Carville: Winning is Everyt…,2024/09/27,Greenwich,Documentary,19207.0,1698.0,2024
605,606,Glitter & Doom,2024/03/08,Music Box Films,Musical,18905.0,1672.0,2024
606,607,The Black Sea,2024/11/22,Metrograph Pictures,Comedy,18822.0,1664.0,2024
607,608,On The Adamant,2024/03/15,Kino Lorber,Documentary,18332.0,1621.0,2024
608,609,Hounds,2024/12/06,Indican Pictures,Drama,18095.0,1600.0,2024
609,610,Happy Clothes: A Film About…,2024/09/20,Greenwich,Documentary,17943.0,1586.0,2024
610,611,The Gutter,2024/11/01,Magnolia Pictures,Comedy,17750.0,1569.0,2024
611,612,The Cruise,1998/10/23,Oscilloscope Pict…,Documentary,17330.0,1532.0,1998
612,613,Golden Years,2024/02/23,Music Box Films,Comedy,17194.0,1520.0,2024
613,614,Il grido,1962/10/22,Janus Films,Drama,16549.0,1463.0,1962
614,615,The Lavender Hill Mob,1951/10/15,Rialto Pictures,Comedy,16361.0,1447.0,1951
615,616,Smoke Sauna Sisterhood,2023/11/24,Greenwich,Documentary,15961.0,1411.0,2023
616,617,Silent Night,2023/12/01,Lionsgate,Action,15918.0,1407.0,2023
617,618,The Invisible Fight,2024/02/23,Kino Lorber,Comedy,14861.0,1314.0,2024
618,619,American Star,2024/01/26,IFC Films,Thriller/Suspense,14523.0,1284.0,2024
619,620,Lost Angel: The Genius of J…,2024/04/12,Greenwich,Documentary,14463.0,1279.0,2024
620,621,Eno,2024/07/12,Film First,Documentary,14446.0,1277.0,2024
621,622,Catching Fire: The Story of…,2024/05/03,Magnolia Pictures,Documentary,14089.0,1246.0,2024
622,623,Lake George,2024/12/06,Magnolia Pictures,Thriller/Suspense,13520.0,1195.0,2024
623,624,Solo,2024/05/24,Music Box Films,Drama,13369.0,1182.0,2024
624,625,Zurawski vs. Texas,2024/10/25,Hiddenlight Produ…,Documentary,12830.0,1134.0,2024
625,626,Common Ground,2023/09/29,Area 23a,Documentary,12509.0,1106.0,2023
626,627,Touch the Water,2023/11/03,Holt Hamilton Dis…,Drama,12126.0,1072.0,2023
627,628,The Grab,2024/06/14,Magnolia Pictures,Documentary,11984.0,1060.0,2024
628,629,Heavier Trip,2024/11/29,Music Box Films,Comedy,11950.0,1057.0,2024
629,630,Karaoke,2024/03/29,Greenwich,Comedy,11900.0,1052.0,2024
630,631,The Windigo,2024/03/29,Indican Pictures,Horror,11737.0,1038.0,2024
631,632,Disco Boy,2024/02/02,Big World Pictures,Drama,11507.0,1017.0,2024
632,633,Know Your Place,2024/05/31,Tycor Internation…,Drama,11355.0,1004.0,2024
633,634,Isle of Hope,2024/02/23,Aventura Entertai…,Drama,11251.0,995.0,2024
634,635,Lousy Carter,2024/03/29,Magnolia Pictures,Comedy,11236.0,993.0,2024
635,636,The Stranger and the Fog,2024/08/30,Janus Films,Drama,11125.0,984.0,2024
636,637,Amelia’s Children,2024/03/01,Magnet Releasing,Horror,11073.0,979.0,2024
637,638,Food and Country,2024/10/02,Greenwich,Documentary,11052.0,977.0,2024
638,639,Omen,2024/04/12,Utopia,Drama,10895.0,963.0,2024
639,640,Skin Deep,2024/02/02,Kino Lorber,Drama,10342.0,914.0,2024
640,641,The Falling Star,2024/08/30,Kino Lorber,Thriller/Suspense,10210.0,903.0,2024
641,642,Drift,2024/02/09,Utopia,Drama,10077.0,891.0,2024
642,643,Great Absence,2024/07/19,Picturehouse,Drama,10012.0,885.0,2024
643,644,Scream Therapy,2024/07/19,Indican Pictures,Comedy,9966.0,881.0,2024
644,645,Eileen,2023/12/01,Neon,Drama,9734.0,861.0,2023
645,646,Out Come the Wolves,2024/08/30,IFC Films,Thriller/Suspense,9649.0,853.0,2024
646,647,Starring Jerry as Himself,2024/11/06,Greenwich,Documentary,9522.0,842.0,2024
647,648,Pastor’s Kid,2024/03/15,Atlas Distribution,Drama,9340.0,826.0,2024
648,649,Little Bites,2024/10/04,RLJ Entertainment,Horror,9299.0,822.0,2024
649,650,Separated,2024/10/04,Submarine Deluxe,Documentary,8766.0,775.0,2024
650,651,Immediate Family,2023/12/15,Magnolia Pictures,Documentary,8713.0,770.0,2023
651,652,Chestnut,2024/06/21,Utopia,Drama,8631.0,763.0,2024
652,653,Mayhem!,2024/01/05,IFC Films,Action,8510.0,752.0,2024
653,654,Vermiglio,2024/12/25,Janus Films,Drama,8319.0,736.0,2024
654,655,A Little Family Drama,2024/10/11,Emblematic Pictures,Comedy,8125.0,718.0,2024
655,656,Mind Body & Soul,2024/03/29,Indican Pictures,Comedy,8014.0,709.0,2024
656,657,Things Will Be Different,2024/10/04,Magnet Releasing,Thriller/Suspense,7746.0,685.0,2024
657,658,Mad About the Boy — The Noë…,2024/10/09,Greenwich,Documentary,7721.0,683.0,2024
658,659,Peeping Tom,1999/02/05,Rialto Pictures,Thriller/Suspense,6903.0,610.0,1999
659,660,Santosh,2024/12/27,Metrograph Pictures,Thriller/Suspense,6865.0,607.0,2024
660,661,Petrol,2024/08/30,Indican Pictures,Thriller/Suspense,6785.0,600.0,2024
661,662,Summer Solstice,2024/06/14,Cartilage Films,Comedy,6543.0,579.0,2024
662,663,What You Wish For,2024/05/31,Magnet Releasing,Thriller/Suspense,6279.0,555.0,2024
663,664,Coup de Torchon (Clean Slate),1982/12/20,Rialto Pictures,Drama,6224.0,550.0,1982
664,665,2073,2024/12/27,Neon,Documentary,5915.0,523.0,2024
665,666,The Convert,2024/07/12,Magnet Releasing,Action,5491.0,485.0,2024
666,667,Longing,2024/06/07,Mongrel Media,Comedy,5370.0,475.0,2024
667,668,Valleyheart,2024/07/19,Indican Pictures,Thriller/Suspense,5250.0,464.0,2024
668,669,Killer Unicorn,2019/06/11,Indican Pictures,Horror,5157.0,456.0,2019
669,670,The Seeding,2024/01/26,Magnet Releasing,Horror,4974.0,440.0,2024
670,671,Nathan-ism,2024/11/15,Outsider,Documentary,4700.0,416.0,2024
671,672,The Paragon,2024/09/06,Music Box Films,Comedy,4658.0,412.0,2024
672,673,Godard Cinema,2023/12/15,Kino Lorber,Documentary,4609.0,408.0,2023
673,674,Universal Language,2024/09/20,Oscilloscope Pict…,Drama,4550.0,402.0,2024
674,675,My Dearest Fu Bao,2024/09/20,Well Go USA,Documentary,4413.0,390.0,2024
675,676,You Are Not Me,2024/12/06,Music Box Films,Thriller/Suspense,4383.0,388.0,2024
676,677,Just the Two of Us,2024/06/14,Music Box Films,Thriller/Suspense,3506.0,310.0,2024
677,678,June Zero,2024/06/28,Cohen Media Group,Drama,3473.0,307.0,2024
678,679,Break the Mold: The Zach Ba…,2023/06/23,Holt Hamilton Dis…,Documentary,3263.0,289.0,2023
679,680,La Syndicaliste,2023/12/01,Kino Lorber,Thriller/Suspense,3253.0,288.0,2023
680,681,When Men Were Men,2022/11/04,Indican Pictures,Drama,3222.0,285.0,2022
681,682,The Last Breath,2024/07/26,RLJ Entertainment,Thriller/Suspense,3214.0,284.0,2024
682,683,The Arctic Convoy,2024/07/26,Magnolia Pictures,Drama,2869.0,254.0,2024
683,684,Other People’s Children,2023/04/21,Music Box Films,Drama,2854.0,252.0,2023
684,685,The Disappearance of Shere …,2023/11/17,IFC Films,Documentary,2652.0,234.0,2023
685,686,The Universal Theory,2024/09/27,Oscilloscope Pict…,Thriller/Suspense,2621.0,232.0,2024
686,687,The Unknown Country,2023/07/28,Music Box Films,Drama,2444.0,216.0,2023
687,688,Bring Him to Me,2024/02/23,Samuel Goldwyn Films,Thriller/Suspense,2301.0,203.0,2024
688,689,The Incredible 25th Year of…,2021/02/12,Indican Pictures,Comedy,2118.0,187.0,2021
689,690,Fremont,2023/08/25,Music Box Films,Documentary,1363.0,121.0,2023
690,691,"My Sailor, My Love",2023/09/22,Music Box Films,Drama,1153.0,102.0,2023
691,692,Aberdeen,2024/12/13,Mongrel Media,Drama,1004.0,89.0,2024
692,693,Mr. Hit Me Up,2024/01/19,,Drama,904.0,80.0,2024
693,694,Revoir Paris,2023/06/23,Music Box Films,Drama,791.0,70.0,2023
694,695,Before Dawn,2024/07/19,Well Go USA,Drama,743.0,66.0,2024
695,696,After Death,2023/10/27,Angel Studios,Documentary,705.0,62.0,2023
696,697,50 km/h,2024/07/19,Sony Pictures,Comedy,543.0,48.0,2024
697,698,The Road Dance,2023/10/13,Music Box Films,Drama,510.0,45.0,2023
698,699,Alimañas,2024/09/13,Sony Pictures,Comedy,485.0,43.0,2024
699,700,Day By Day,2023/08/11,Utopia,Documentary,292.0,26.0,2023
